<?xml version="1.0" encoding="utf-8" standalone="yes" ?>
<rss version="2.0" xmlns:atom="http://www.w3.org/2005/Atom">
  <channel>
    <title>Teams on SHL &amp; Associates Lawyers </title>
    <link>/team/</link>
    <description>Recent content in Teams on SHL &amp; Associates Lawyers </description>
    <generator>Hugo -- gohugo.io</generator>
    <language>en-us</language>
    
	<atom:link href="/team/index.xml" rel="self" type="application/rss+xml" />
    
    
    <item>
      <title></title>
      <link>/team/cathy-zhou/</link>
      <pubDate>Mon, 01 Jan 0001 00:00:00 +0000</pubDate>
      
      <guid>/team/cathy-zhou/</guid>
      <description>Cathy Zhou Senior Associate
Cathy has considerable experience and expertise in property law and has a solid base of both individual and corporate clientele.
Cathy’s practice involves primarily acting for individuals and corporations in the purchase and sale of properties. Cathy also acts for developers and investors in relation to acquisition of sites and development of the properties. She also acts in relation to many commercial and retail lease transactions for both the landlord and tenant.</description>
    </item>
    
    <item>
      <title></title>
      <link>/team/cn/cathy-zhou/</link>
      <pubDate>Mon, 01 Jan 0001 00:00:00 +0000</pubDate>
      
      <guid>/team/cn/cathy-zhou/</guid>
      <description> Cathy周律师 资深律师
周律师在房产物业法领域拥有丰富的经验和专业知识，并积累了一定的个人及公司客户。
周律师所涉及的法律领域主要包括为个人及公司在购买出售物业的交易中提供法律服务。周律师也代表开发商及投资者收购地块及开发房产。同时，她也承接出租方与承租方就商业租赁及零售租赁交易进行法律代理案件。
周律师精通英文及普通话。
资质：  新南威尔士州最高法院律师 新南威尔士州大学法律学士学位 新南威尔士州大学商务学士学位（优异）  </description>
    </item>
    
    <item>
      <title></title>
      <link>/team/cn/gloria-wang/</link>
      <pubDate>Mon, 01 Jan 0001 00:00:00 +0000</pubDate>
      
      <guid>/team/cn/gloria-wang/</guid>
      <description>Gloria王 Gloria是注册移民中介，且能就最新的移民政策及立法方向为客户提供实用有效的移民意见。
Gloria的专业领域包括提供咨询、签证申请准备并向移民局递交各类签证申请，签证类别包括商业投资移民签证等，对移民局拒签的情况提供建议与对策，向澳洲行政庭上诉，以及寻求移民部部长的行政干预。</description>
    </item>
    
    <item>
      <title></title>
      <link>/team/cn/jessica-chung/</link>
      <pubDate>Mon, 01 Jan 0001 00:00:00 +0000</pubDate>
      
      <guid>/team/cn/jessica-chung/</guid>
      <description> Jessica钟律师 律师
钟律师精通商业法，并善于处理诉讼及非诉商业法律问题。
其擅长的领域包括在一系列股权和商业纠纷案件中代理原告及被告。钟律师在各级法庭都有代理案件的经验。
钟律师善于思辨，并为客户寻求替代诉讼的策略及方案。
钟律师的优势在于关注案件的实质问题及证据，收集材料并与大律师紧密合作，为客户争取最大利益以解决争议。
钟律师平时热爱旅游及各类美食。
资质：  新南威尔士州最高法院律师 新南威尔士州大学法律学士学位 新南威尔士州大学商务学士学位（优异）  </description>
    </item>
    
    <item>
      <title></title>
      <link>/team/cn/jonathan-lu/</link>
      <pubDate>Mon, 01 Jan 0001 00:00:00 +0000</pubDate>
      
      <guid>/team/cn/jonathan-lu/</guid>
      <description> Jonathan陆律师 主任律师
陆律师是SHL律师事务所的创始人以及主任律师。
陆律师在澳洲各级法院拥有多年的商业诉讼的实战法律经验。同时，陆律师对公司及生意事务也有着丰富的经验。
陆律师将解决客户棘手的法律问题为己任，他致力于向其客户提供准确、实用及诚挚的建议，以便其客户能尽快以最经济高效的方式解决纠纷或启动诉讼程序。
陆律师精通英语与普通话。
资质：  新南威尔士州最高法院律师、澳洲联邦法院及最高法院律师 公证律师 注册移民律师，移民律师编号：1170990 新南威尔士州大学法律学士学位 新南威尔士州大学商务学士学位  </description>
    </item>
    
    <item>
      <title></title>
      <link>/team/gloria-wang/</link>
      <pubDate>Mon, 01 Jan 0001 00:00:00 +0000</pubDate>
      
      <guid>/team/gloria-wang/</guid>
      <description>Gloria Wang Gloria is a registered migration agent and she provides practical strategic advice based on the most up to date immigration decisions and legislative developments.
Gloria’s practice include advising, preparing, and lodging all varieties of visa applications, in particular, business investment visas, and advising and assisting with refusals and cancellations of visas and application for review in the Administrative Appeals Tribunal, courts or seeking Ministerial Intervention.</description>
    </item>
    
    <item>
      <title></title>
      <link>/team/jessica-chung/</link>
      <pubDate>Mon, 01 Jan 0001 00:00:00 +0000</pubDate>
      
      <guid>/team/jessica-chung/</guid>
      <description>Jessica Chung Associate
Jessica has a strong passion for commercial law and handles both litigious and non-litigious commercial matters.
Her practice includes a broad equity and commercial matters acting for Plaintiffs and Defendants. Jessica has represented clients in Local, District, Supreme and Federal Court matter.
Jessica will think outside of the square and consider alternatives to litigation with cost effective strategies.
Jessica’s strengths include focusing on the issues and evidence required, gathering that evidence, working with appropriate counsel, considering settlement or getting the best result from the litigation.</description>
    </item>
    
    <item>
      <title></title>
      <link>/team/jonathan-lu/</link>
      <pubDate>Mon, 01 Jan 0001 00:00:00 +0000</pubDate>
      
      <guid>/team/jonathan-lu/</guid>
      <description>Jonathan Lu Principal Solicitor
Jonathan is the founder and principal solicitor of SHL &amp;amp; Associates Lawyers.
Jonathan has many years’ experience in acting for his clients in large and complex commercial disputes in various level of courts across Australia. Jonathan also has extensive experience in advising a full range of corporate and business matters.
Jonathan is passionate about trying to assist his clients to resolve complex issues that they are not otherwise able to resolve.</description>
    </item>
    
  </channel>
</rss>