<?xml version="1.0" encoding="utf-8" standalone="yes" ?>
<rss version="2.0" xmlns:atom="http://www.w3.org/2005/Atom">
  <channel>
    <title>Areasofpractices on SHL &amp; Associates Lawyers </title>
    <link>/areasofpractice/</link>
    <description>Recent content in Areasofpractices on SHL &amp; Associates Lawyers </description>
    <generator>Hugo -- gohugo.io</generator>
    <language>en-us</language>
    
	<atom:link href="/areasofpractice/index.xml" rel="self" type="application/rss+xml" />
    
    
    <item>
      <title></title>
      <link>/areasofpractice/cn/commercial-corporate-law/</link>
      <pubDate>Mon, 01 Jan 0001 00:00:00 +0000</pubDate>
      
      <guid>/areasofpractice/cn/commercial-corporate-law/</guid>
      <description> 商业及公司法 SHL的律师团队通过其独到的商业洞察力、实战经验与法律专业知识，为您提供所有主要商业交易及商业决策的法律意见。
专业领域包括：
 生意买卖 商业合同审阅及准备 公司构架法律意见 商业机构成立及公司注册 成立信托（包括单位信托及全权信托） 股东协议 购买及出售股权相关问题 公司治理及合规 董事职责 公司法相关法律问题 特许经营及许可 股东纠纷 就海外投资审查委员会投资相关问题 合资企业  </description>
    </item>
    
    <item>
      <title></title>
      <link>/areasofpractice/cn/commercial-litigation/</link>
      <pubDate>Mon, 01 Jan 0001 00:00:00 +0000</pubDate>
      
      <guid>/areasofpractice/cn/commercial-litigation/</guid>
      <description> 商业/民事诉讼 在SHL，我们的精品团队拥有丰富的商业及民事诉讼实战经验，以竭尽至诚的态度为客户的商业及民事纠纷案件提供简明、实用的法律意见。
从非正式的纠纷调解、谈判到正式的仲裁、审判，我们的精品团队用战略式策略为客户谋取利益的最大化并取得案件的实质性胜利。
专业领域包括：
 合同纠纷 公司法纠纷 公司董事纠纷 股东代位纠纷 股东间纠纷 小股东受压制的诉请 申请禁止令 申请冻结令 特殊履行的诉请 行为更正的诉请 合约解除 推定信托 诽谤纠纷 房产及租赁纠纷 根据66G申请的信托出售交易 法定要求索偿 建筑施工纠纷 集体诉讼 贸易惯例 债务收回 破产程序 针对专业人员职责疏忽的申诉 雇佣纠纷 继承及遗嘱纠纷 房产及监护权纠纷  </description>
    </item>
    
    <item>
      <title></title>
      <link>/areasofpractice/cn/criminal-law/</link>
      <pubDate>Mon, 01 Jan 0001 00:00:00 +0000</pubDate>
      
      <guid>/areasofpractice/cn/criminal-law/</guid>
      <description>刑法 我们代理客户所有类型的刑事案件，包括袭击指控、暴力保护令、交通违法行为、枪支武器类罪名、盗窃罪、毒品罪、性侵罪、以及欺诈罪。</description>
    </item>
    
    <item>
      <title></title>
      <link>/areasofpractice/cn/family-law/</link>
      <pubDate>Mon, 01 Jan 0001 00:00:00 +0000</pubDate>
      
      <guid>/areasofpractice/cn/family-law/</guid>
      <description> 家庭法 因家庭关系的破裂而造成的创伤及耗费的时间及精力，我们感同身受。因此，我们的律师在处理此类案件的丰富经验正能为您排忧解难。无论是调解、圆桌协商或是法律诉讼程序，我们都将竭尽全力为您的利益量身定制专业法律建议，争取您最大的利益及目标。
专业领域包括：
 制定财产协议 离婚或分居申请程序 有关监护权问题 房产及财产争议解决 事实婚姻关系问题 子女抚养费问题 配偶保障 申请地域性的法院令 赔偿申请 有关地域迁徙等问题  </description>
    </item>
    
    <item>
      <title></title>
      <link>/areasofpractice/cn/immigration-services/</link>
      <pubDate>Mon, 01 Jan 0001 00:00:00 +0000</pubDate>
      
      <guid>/areasofpractice/cn/immigration-services/</guid>
      <description> 移民法 在SHL，我们能协助您有关进入澳洲国境的任何签证事宜。我们所提供的专业化服务是以熟悉解读最新的移民政策及法律架构为基石，并旨在服务客户的一切需求，评估每位客户的个人情况，清晰解释每位客户的签证类别选择，并根据个体情况提供最佳的签证类别申请策略。
我们的移民法团队的专业领域包括提供咨询、签证申请准备并向移民局递交各类签证申请，对移民局拒签的情况提供建议与对策，向澳洲行政庭上诉，以及寻求移民部部长的行政干预。
专业领域包括：
 商业创新与投资（临时）签证（类别188） 商业创新与投资（永久）签证（类别888） 商业人才（永久）签证（类别132） 临时短缺人才签证（类别482） 雇主提名签证（类别186） 偏远地区担保移民签证（类别187） 配偶临时签证（类别820）及配偶永居签证（类别801）- 针对澳大利亚境内申请者 配偶临时签证（类别309）及配偶永居签证（类别100）- 针对澳大利亚境外申请者 计划婚姻签证（类别300）- 针对澳大利亚境外申请者 父母签证 子女签证 技术移民签证 澳洲行政庭及联邦法院的上诉 移民部长干预申请  </description>
    </item>
    
    <item>
      <title></title>
      <link>/areasofpractice/cn/notary-public/</link>
      <pubDate>Mon, 01 Jan 0001 00:00:00 +0000</pubDate>
      
      <guid>/areasofpractice/cn/notary-public/</guid>
      <description> 公证 当您需要向海外司法管辖区提供文件时，我们的主任律师Jonathan陆律师作为一名公证律师，可提供公证文件的服务，以满足您任何要求。
陆律师可提供的公证服务包括：
 公证文件以供海外使用 见证个人的签字是否真实并公证个人身份证件 见证并准备委托书以供海外使用 证明以供海外使用的文件的副本，以见证比对公司、生意及商业交易的状况 处理海外土地、财产和已故遗产的文件公证服务  </description>
    </item>
    
    <item>
      <title></title>
      <link>/areasofpractice/cn/property-law-conveyancing/</link>
      <pubDate>Mon, 01 Jan 0001 00:00:00 +0000</pubDate>
      
      <guid>/areasofpractice/cn/property-law-conveyancing/</guid>
      <description> 房产法及房产过户 SHL的房产法律师团队对房产法的各个领域都有丰富的法律经验。律师团队与客户紧密高效的合作与互动，为客户打造量身定制的服务及精细化的法律建议。
专业领域包括：
 出售购买房屋 期房的购买 合同审阅与准备 商业房产买卖协议 房产建造 房产相关的建议（包括税务、所有权及贷款申请等事宜） 海外买家投资房产建议 商业及零售租约 贷款抵押及担保 物业纠纷 房产土地区块划分 建造合同 建立全权信托及单位信托 合资公司 租户纠纷 房产转让 房产评估 印花税及相关税务 房产诉讼 海外投资审查委员会申请事宜  </description>
    </item>
    
    <item>
      <title></title>
      <link>/areasofpractice/commercial-corporate-law/</link>
      <pubDate>Mon, 01 Jan 0001 00:00:00 +0000</pubDate>
      
      <guid>/areasofpractice/commercial-corporate-law/</guid>
      <description> Commercial and Corporate Law SHL &amp;amp; Associates Lawyers provide an extensive range of corporate and commercial legal advice and services. By leveraging our business insights and proven legal knowledge and expertise, we are well-placed to advise you on all major business and commercial transactions and commercial decisions.
Areas of Expertise
 Purchases &amp;amp; sales of businesses Commercial contract review and preparation Corporate structure advisory. Business establishment and company incorporation Establishment of trust (including unit and discretionary trusts) Shareholder agreements Purchase and sale of shares Corporate governance &amp;amp; compliance Directors duties Corporations Act 2001 advisory Franchising and licensing Shareholder disputes Advise on Foreign Investment Review Board (&amp;rdquo;FIRB&amp;rdquo;) applications Joint ventures  </description>
    </item>
    
    <item>
      <title></title>
      <link>/areasofpractice/commercial-litigation/</link>
      <pubDate>Mon, 01 Jan 0001 00:00:00 +0000</pubDate>
      
      <guid>/areasofpractice/commercial-litigation/</guid>
      <description> Commercial Litigation At SHL &amp;amp; Associates Lawyers, our highly experienced and dedicated team of commercial litigation lawyers provide clear, honest and realistic advice to our clients in any commercial dispute.
From informal settlement mediation or conferences to formal arbitration and contested court hearings, our experienced lawyers have a proven track record of providing strategic advice to maximise our clients’ chance of success.
Areas of expertise
 Contractual disputes Corporations Act litigation Directors’ duties Derivative proceedings Shareholder disputes Shareholder oppression claims Injunctions Freezing orders Specific performance Rectification Rescission Constructive trusts Defamation Property and leasing Disputes Trust sale pursuant to section - 66G applications Statutory demands Building and construction - litigation Class actions Trade practices Debt recovery Insolvency and bankruptcy Professional negligence claim Workplace disputes Succession and contested wills Matrimonial and custody - disputes  </description>
    </item>
    
    <item>
      <title></title>
      <link>/areasofpractice/criminal-law/</link>
      <pubDate>Mon, 01 Jan 0001 00:00:00 +0000</pubDate>
      
      <guid>/areasofpractice/criminal-law/</guid>
      <description>Criminal Law We represent clients in all categories of offences, including assault offences, AVOs, traffic offences, firearms &amp;amp; weapons offences, larceny, drug charges, sexual assault, and fraud.</description>
    </item>
    
    <item>
      <title></title>
      <link>/areasofpractice/family-law/</link>
      <pubDate>Mon, 01 Jan 0001 00:00:00 +0000</pubDate>
      
      <guid>/areasofpractice/family-law/</guid>
      <description> Family Law We understand that relationship breakdowns can be a traumatic and uncertain time. At SHL &amp;amp; Associates Lawyers, our extensive experience is what you need in dealing with difficult and often emotional family or matrimonial disputes. Whether it is mediation, roundtable conference or formal legal proceeding, we are committed to provide you with tailored and professional legal advice to help you achieve closure.
Areas of Expertise
 Binding financial agreements Divorce &amp;amp; separation Parenting issues Property and financial settlements De-facto relationships Child support Spouse maintenance Location order Recovery application Relocation and travel  </description>
    </item>
    
    <item>
      <title></title>
      <link>/areasofpractice/immigration-services/</link>
      <pubDate>Mon, 01 Jan 0001 00:00:00 +0000</pubDate>
      
      <guid>/areasofpractice/immigration-services/</guid>
      <description>Immigration Law At SHL &amp;amp; Associates Lawyers, we assist our clients in all areas related to migrating to Australia. We provide tailored advice based on the most up to date immigration decisions and legislative framework. Our objective is to serve our client’s needs, assessing their situation, clearly explaining the options available to them and advising our clients on the best solution based on their unique circumstances.
Our immigration legal services assist clients with a wide range of visa and migration legal queries.</description>
    </item>
    
    <item>
      <title></title>
      <link>/areasofpractice/notary-public/</link>
      <pubDate>Mon, 01 Jan 0001 00:00:00 +0000</pubDate>
      
      <guid>/areasofpractice/notary-public/</guid>
      <description> Notary Public When you need to serve a document in an overseas jurisdiction, our principal lawyer, Mr. Jonathan Lu, is a duly qualified and appointed Public Notary who can assist with all of your notarisation requirements.
Mr. Jonathan Lu provides the following notary services:
 Authenticating documents and information for overseas use Witnessing signatures of individuals to documents and authenticating identity Preparing and witnessing powers of attorney for use overseas Certifying true copies of documents for overseas use Witnessing and authenticating the status of companies, businesses and commercial transactions Dealing with documentation for land, property and deceased estates overseas  </description>
    </item>
    
    <item>
      <title></title>
      <link>/areasofpractice/property-law-conveyancing/</link>
      <pubDate>Mon, 01 Jan 0001 00:00:00 +0000</pubDate>
      
      <guid>/areasofpractice/property-law-conveyancing/</guid>
      <description> Property Law &amp;amp; Conveyancing SHL &amp;amp; Associates Lawyers’ property and conveyancing team has extensive experience in all aspects of property law. Our lawyers work closely and collaboratively with clients providing the most practical commercial advice specifically tailored to their expectations and needs.
Areas of Expertise
 Purchase &amp;amp; sale of properties Off-the-plan purchases and sales Contract review &amp;amp; preparation Commercial agreements Property development Property related advisory (taxation, ownership, finance) Foreign investment Commercial and retail leasing Mortgages &amp;amp; securities Strata disputes Subdivisions Construction contracts Discretionary and unit trust Joint Ventures Tenancy disputes Property transfer Valuations Stamp duty and taxes Property litigation Foreign Investment and Review Board (&amp;rdquo;FIRB&amp;rdquo;) applications  </description>
    </item>
    
  </channel>
</rss>